{"lenx": 4, "leny": 4, "lenz": 4, "data": [[[0.00390625, 0.00390625, 0.12890625, 0.12890625], [0.00390625, 0.00390625, 0.12890625, 0.12890625], [0.25390625, 0.25390625, 0.37890625, 0.37890625], [0.25390625, 0.25390625, 0.37890625, 0.37890625]], [[0.00390625, 0.00390625, 0.12890625, 0.12890625], [0.00390625, 0.00390625, 0.12890625, 0.12890625], [0.25390625, 0.25390625, 0.37890625, 0.37890625], [0.25390625, 0.25390625, 0.37890625, 0.37890625]], [[0.50390625, 0.50390625, 0.66015625, 0.66015625], [0.50390625, 0.50390625, 0.66015625, 0.66015625], [0.81640625, 0.81640625, 0.97265625, 0.97265625], [0.81640625, 0.81640625, 0.97265625, 0.97265625]], [[0.50390625, 0.50390625, 0.66015625, 0.66015625], [0.50390625, 0.50390625, 0.66015625, 0.66015625], [0.81640625, 0.81640625, 0.97265625, 0.97265625], [0.81640625, 0.81640625, 0.97265625, 0.97265625]]]}